BARCODE	PSEUDOTIME
gcgcgggtcggctgcggt	23.7868664910071
aattgggaggcccgagca	23.9227434261048
cggcgtcgagcagccaga	23.9238392848532
agcacgggccattcggga	23.7854656895309
tcgcctcgagcacaccac	0.832796577254601
atacttcaggaggagctt	0.832823883569588
tttgggaacgtggagctt	23.9238665911682
gtggtgtcatcaggtagg	0.832851189884576
agcacgctattatcatca	15.397437563364
catagaccgatggcgcgg	12.2855276041947
gcgaatgtcctaatccgg	12.0787557609183
gcgcggaagccaggccat	23.9238938974832
ccacgcaattggatatac	22.7008147882192
gactcgaaagaagatcaa	0.832878496199564
gtcggctcatcaggattg	23.9239212037982
ctgtgggaggccagtaaa	13.7315294760645
ccacgccaggagcctcta	0.832905802514552
cttgaaatagcgtcatca	23.6849135460242
ccacgcctaggtcgaaag	21.7806065949688
aaagaagtggtgaagcca	14.8218864087734
attagttgcggttgcggt	23.9239485101132
gaaggggtttcaaattgg	23.9239758164282
gctcccaattggccgatg	23.6939476290057
atccggtcgcctatccgg	23.4499447521382
ctcaatgcgcggcttgaa	23.2202990075962
gccagaatgaagcgttat	14.7185541743037
gccgtttggcagagtctg	22.8892519359576
gccagacgttatcggcgt	12.1806947286326
caaccgggattgttcttg	14.8146639064531
atagcgaaagaatgctaa	0.83293310882954
gctgaggagtgatggcag	22.5888971953507
catagaggccatagatgt	12.5475044076389
caaccgctcaatccgtaa	23.2181716477625
tctagcgccagagagtga	15.1886910325532
cttacggaaatacaagtc	23.9240031227432
tttgggcaggagcggtcc	23.7680087068776
gccagatctagctcgcct	0.832960415144528
cgttatcgaaagggattg	23.4484913057089
ccacgcgcgcgggagctt	16.9600242110002
gatcaactattatccaag	12.3716422561239
cgagcacgcatatctagc	23.449332700656
tgtgtatttgggaacgtg	23.774431814936
gagtgatatttcttcgca	14.296475118291
ttaagaccacgcatgaag	12.1268974602214
aacagcgcttgtgcgaat	22.5928068486431
cgttatagacccggtagg	14.6289154084194
aggttagaggccttcttg	12.0787830672333
tcagtgaacgtgaaagaa	23.8932054130253
gccagaagtaaaaacagc	14.6997818859399
gatcaaatgaaggctccc	23.7833493677208
ttcgcattaagagctccc	22.8892792422726
ctattacaaccgtgttcg	15.014789150953
atacttttggatacggac	22.6921398557619
actgcaagatgtcaggag	23.9240304290581
caaccgagtaaataatag	23.9240577353731
taccgatatttcattagt	22.9197118667854
atagcgagatgtgcgcgg	23.9240850416881
tgttcgtcatcacaggag	23.9241123480031
ccacgctcatcaactgca	0.87306235521041
gtttcaggtaggaattgg	22.8893065485876
atccggagtctgcaggag	22.9175521250946
cgaaagagtaaacaggag	22.8893338549026
atgaaggaaatacagact	14.2502615081909
ttgctcatccggatatac	23.7819725374088
agtctgggtaggagtctg	22.5928341549581
tttgggcgcataggtagg	13.7315567823795
ctattacaggaggactcg	14.2176412135229
tgtgtaagacccatactt	14.7100638608097
gcgaatcaaccggccgtt	13.697024387251
gatcaagagcttcataga	14.2967311020968
acccaacatagagcttgt	14.7319546922137
tgcggtagcacgccacgc	14.7344757208037
tgctaaaagtatctcaat	12.0788103735483
gtggtgaagccaattagt	14.7325837491446
accttcagacccaccttc	15.1620440234038
cagactagtaaagcgaat	12.0788376798633
cggcgtatacttgaggcc	14.1706431565604
actgcatcagtggtggtg	22.683673239934
taagctctattatcatca	15.2084672529066
ttcttgacaagggcgcgg	23.9241396543181
accttcactgcaatgaag	14.0089206622227
agtctgccacgctgagac	15.2333314466301
atgaagtgtgtatggcag	23.0887001185939
cggcgtatactttgagac	15.2422232242027
ttcttgggattgttcgca	23.2109445101178
acaaggtaagctgtcggc	23.4499993647681
tatttccgttatggattg	0.85125870228122
ggccatatccgggactcg	15.2270585636537
gagtgaagtaaaggattg	22.7222385393746
ctgtggtgttcgttgctc	12.4735252409306
cggcgttggcagcgttat	12.5475317139538
atataccaccacgtggtg	22.8942421224689
gagcttttcttgtgtgta	12.4205400887695
ggattgttgctcgggatc	14.1277416868668
ttggattgttcgatgaag	23.9241669606331
gaagggaaagaatgtgta	23.9241942669481
cggtccaagccaacggac	13.1138786438177
agatgtggtaggaagcca	22.984808189258
tgcggtcgagcagatcaa	12.4690879829508
agacccatagcggggatc	22.8893611612176
tagaggcaaccgccacgc	11.7368396101401
tctagcgctccccaaccg	23.924221573263
caggagcaaccgtgcggt	12.8296696875035
cagactggccatcaccac	23.0907571591485
ggccataacagcgtttca	22.3734156178204
ttcttgaagtatggtagg	17.7098384965198
tatttcagatgtcaagtc	0.832987721459515
tcgggatctagccagact	15.2865158431091
cttgaaacaaggtcatca	12.1841371266556
atatacattagtagtaaa	15.1901763576301
tgcggttgtgtaccgtaa	22.0974259975711
gtacagtgcggttgagac	14.7217719968722
tggcaggctccctcagtg	12.0788649861782
gtcctattggatgagctt	15.397464869679
gccagaaagccagtggtg	22.7133432880781
cagactatgaagatagcg	12.1898590810821
cgttatcaagtcaagcca	14.9240969168198
tgagacaccttccgcata	22.5928614612731
acaaggctaggttatttc	13.0732723982338
gccgttgagcttcataga	14.8525604559584
gcttgtgtggtgtttggg	22.1117616091589
tcagtgtaagcttcatca	15.397492175994
ggtaggattagtcaagtc	14.7098681461452
gctgaggtttcaatatac	14.7173518422067
gttaacctgtggtcggga	12.91199615758
ggattgtatttcagtctg	22.578573818951
cactgtgggatctgctaa	11.6430567795321
ttaagatatttctaccga	0.833015027774503
tgcggttagaggattagt	8.26292186743537
agcacgcagactgctccc	22.5907505798926
caagtccggtccctatta	14.7049922534396
ggccatgctgagaacagc	23.0907844654635
gaaatagtggtgcggtcc	21.1070057498136
caccacatgaagtatttc	23.924248879578
ttggattctagcgctgag	12.3424712465867
ttggatctgtgggtcggc	23.4498427579047
gctgaggggatcggtagg	12.1455483585008
cgagcaagtctgcgttat	22.0706348910195
ttcttgatccggcaagtc	12.1616929608806
gaagggaccttccactgt	12.2155459595743
gactcgatacttttcgca	23.2093252574665
gtggtgggattgtaagct	22.8893884675326
ttcgcatccaagagtctg	15.4046933113837
gtcctaaattggagtctg	22.1197491116654
gtttcaatgaagatagcg	23.924276185893
ccacgcactgcaactgca	0.833042334089491
gaagggcactgtctcaat	21.1134211475623
gcgcgggtcctagaaata	15.1805331715823
aggttagtttcactgtgg	12.1154425712213
gcttgtaagccaccacgc	22.5448736910669
aattggatatacggtagg	11.7079017731649
ggtaggggccattaatag	15.397519482309
cagactgtttcagatcaa	22.3877939503356
ttgctcagatgtgctgag	0.886342857976723
atccgggagtgacttacg	15.3023766630403
agacccaagccaggattg	22.7163843847529
cagactctgtggggtagg	13.209766659461
gaggccactgcaaattgg	22.5492592432376
tgtgtaattagtaaagaa	12.2115701297408
cctctagggatcaccttc	15.8865037385058
gggatcgggatccgaaag	15.3024039693552
caagtctgtgtaggattg	12.7777667129187
acccaaagatgtatccgg	15.3024312756702
agacccagtaaaaattgg	14.749672726983
gaagggcgcatataagct	15.3024585819852
taccgaaaagaacgcata	12.8118930577906
atgaagtgttcgctgtgg	21.7531162003818
cggcgtgtacagaggtta	11.7836284180524
cgttatgaggccggacga	0.519190296547333
ccacgcggacgacagact	15.4256073101469
tgctaaacaaggcggtcc	14.7702000192898
tcagtgcggtccggtagg	13.0877631262347
cactgtgagcttatccgg	14.7325015772328
tagaggatccggagaccc	15.3024858883002
aagccaatacttgccaga	23.0908117717785
gcgaataccttcatagcg	14.5698309526105
tgttcgcttgaattgctc	11.7836557243674
ctgtggtaatagtggcag	13.0725572048423
acggacatccggtgcggt	22.9274781474181
tagagggcttgtgtccta	14.580092458449
ttggatggccatatccgg	21.8013628493538
tccaagttggattatttc	0.696152599530871
cttacggtggtgactgca	17.7098658028347
gagctttgcggttaagct	14.5852540071026
ccacgcccgatgcggcgt	17.1801839625046
tgagaccaaccgtaccga	17.7098931091497
cactgtggtgcttcatca	23.924303492208
gaagggtgctaaaacgtg	15.3025131946152
acccaaaacgtgacccaa	11.7836830306824
tcgggataagctgatcaa	22.5492865495526
gatcaatagagggatcaa	22.5493138558676
atactttcatcaagtaaa	11.7837103369974
aagccatatttctcagtg	15.3025405009302
aattggtgaattcaagtc	21.610472998166
cactgtgtcctacaaccg	15.3025678072452
cgcatagcttgtgagtga	11.7824070949604
cagactgccagaacggac	22.1117889154739
gtcctacttgaacgcata	12.2021287249231
ggtaggacccaaaacgtg	7.31937745083274
tggcagtggcagacggac	15.4300538540568
acggacctgtggtgttcg	22.5493411621825
tagaggaccttcaccttc	17.7357623015602
tccaagaagccacaccac	21.6160588677946
cgaaagagatgtgtccta	15.4342167353856
ggccatccgtaaacggac	23.924330798523
atacttcggcgtgaaata	15.6096226547362
ggccatcaaccggaaggg	14.7702273256048
caaccggaaatacaggag	17.7099204154647
tgtgtatgctaaaccttc	22.0631227561623
ggccatgtggtgtgtgta	15.2749776109534
gtggtgtgttcgttaaga	23.924358104838
cagactttgctcttgctc	17.7099477217797
aagccagagctttaatag	17.6819287642492
taagcttcagtgagaccc	15.3025951135602
cctctaggattgcataga	17.7099750280947
ccgatgcaaccgtgctaa	15.5107457289656
acccaatggcagtaagct	17.7100023344097
caggagcactgttcatca	15.5482881310729
gaaataccgatgcataga	20.9648233754274
tcgggacaaccggctgag	15.0198591829062
gctgagtgtgtacagact	15.3026224198751
agcacgttggatttcgca	21.6107469022021
cctctaaggttactgtgg	15.4654013405419
attagttagaggattagt	15.5359773510616
gtcctaacccaagctccc	17.7100296407247
cgagcaggtgctatagcg	0.528816511482636
gccgttgaaggggagctt	0.530310442891412
tagaggccgatgtgtgta	17.3776425751343
tagaggttcttgggtgct	0.466069188890578
tctagcttcttgtggcag	20.6178979131647
gaggccgcgaatcttgaa	15.5537871037023
gccgttcgaaagtcgcct	21.1072788109179
gcgcggggacgaggccat	0.591454000621283
accttcactgcataatag	21.4147240979405
ccgatggtcctagtttca	21.4621191549798
agcacggctgagctcaat	21.8081976424768
tgcggtcagactaaagaa	0.633830582999423
gggatcaagccaggacga	0.368183184583772
ttaagatatttccttacg	17.2650763728378
gtttcatgagaccaggag	15.6663438759228
atactttgcggtatgaag	17.7100569470397
tcatcaagtctgaattgg	17.0900216460454
ctaggtccacgcttaaga	15.5707063001299
ggacgattggattaagct	0.567891488093109
tggcagttcgcaacggac	15.3938315962525
ttcttgctcaatttaaga	21.1030188528462
ccacgcccacgcccgtaa	16.4709174467679
gactcgatatacgaggcc	21.4264743676008
tgaattagcacgcataga	15.3026497261901
cgagcagccagattcgca	0.488849296051095
agcacgttcttggtcggc	15.865208560329
aggttagccagagccaga	15.9879435171659
tatttccggcgtaaagaa	0.602013834938971
cggtccttaagacataga	0.660165418416939
ttcgcacggcgtactgca	21.1001804682484
ggacgatatttctaagct	15.3026770325051
gtggtgcagactcggtcc	17.3381002198814
ctaggtcgcatatcgcct	17.7100842533546
acaaggaacgtgggattg	15.9967536125719
ttcttgaccttccgttat	17.1247687129202
ctaggtcctctaagtctg	20.2354515036177
ctaggtgagtgaaagtat	15.457528688322
gcttgttcgggatatttc	17.7101115596696
cactgtatccggcgagca	15.6342428095487
gaggccgcgcggctatta	17.7101388659846
acggacaattggcagact	15.5540213556744
atacttcttacgcagact	16.152200918041
gactcgactgcacgcata	15.5107730352806
tgagacctgtgggctccc	17.6263066111829
cggcgttagagggctccc	17.8281439214479
agtctgcaggagcggtcc	16.5376759633879
agatgtgaagggccacgc	20.9719592315128
gaggccgttaacagtaaa	19.8823538609965
aggttatgcggtgctccc	21.4865266571351
gtacagtaataggtacag	16.6511106433081
gtggtgactgcacgagca	21.112906342402
cctctagcgcggtagagg	17.6532493746547
atgaagattagtgagtga	20.0730497619995
tccaagtaagctagatgt	20.0020954615995
atatactcatcacttacg	20.6788833582642
atacttcagacttcagtg	16.9384908192169
tggcagcggtccatatac	17.0068000300834
gaggccggtaggtctagc	15.3027043388201
catagaggtaggatccgg	17.2149314865376
ctcaatcatagattgctc	16.963689143221
gcgaatggacgatcagtg	17.2791722038084
gagcttttgctcgtggtg	20.7248758766348
atagcgtgttcgcgcata	16.42964221806
ctaggtctcaatcgaaag	20.7223621256581
tcagtgaattgggaaggg	21.117832688445
cgcataccgtaattcgca	19.4718832088737
acccaaagcacgttggat	16.1417808052803
atacttgttaacaacgtg	17.5211549745171
gactcgtatttccgaaag	17.8385593386475
ggtgctagatgtgtcggc	19.7637173662981
tcgggagaagggccacgc	17.682865409569
tgagactcgccttgagac	16.201159175158
tagaggagtaaaaacgtg	17.7101661722996
tgtgtagtttcaagtaaa	17.4545833260257
atacttacccaacaagtc	16.6500686598564
gctgaggagtgaaacgtg	19.9718748919918
gtcggcttaagaacaagg	0.52522579651266
tgaattgggatcacccaa	17.4562183332929
gggatcgactcgatccgg	17.7709748299648
ttcttgacccaagagtga	19.8777146830859
aacgtgagcacgcaccac	19.8875891154069
tttgggtatttctttggg	17.6106136137418
acggactcgggagaaata	17.4536807017297
ggccataacgtgacggac	0.432738600792743
atagcgtgtgtacggcgt	17.8129954231399
aacagcgttaacgggatc	18.6906232358872
tgcggtctcaataagtat	15.6745535866285
gaagggcttacgatgaag	17.0045300947664
catagatcgggaaacagc	17.3397929519131
tccaaggtcctagagtga	16.4641858130339
agcacgaagtatttaaga	20.0673277197408
cagactactgcagtacag	17.7101934786146
taccgagtcggccaagtc	17.622368781026
gtttcagaaataccacgc	15.8134873424098
atacttaaagaatttggg	16.5012876409177
ctaggtactgcaacggac	17.6520708873905
cctctagaaataacggac	17.628064716416
gtacagagcacgtggcag	17.6175499964187
taatagccacgcacggac	19.8029818158723
aagtatgccgttaattgg	17.6360863185883
ttcgcacttacggcgaat	17.765914787019
ttcttgcttacgatactt	16.6771501040918
gatcaagctgagatatac	18.5048477759025
cagactcaccacacccaa	20.088753058149
ggccatgggatcgccaga	20.630901958442
gagtgaccgatggaaggg	17.2651036791528
aaagaacagactgtggtg	19.6880659797946
tgcggttgagacctaggt	20.7253427266037
attagtccgatgggccat	17.6038508452402
gactcggagtgatcagtg	16.6381749512908
atagcgatataccaagtc	18.583100473856
aacagcctattacataga	18.664564699706
ctaggttatttctttggg	17.592015216967
gtcggcttgctcttcttg	20.1021323851205
cgagcagatcaatagagg	19.7144030700866
taataggtttcaagtaaa	20.9719865378277
gggatccgttatgaaata	0.588935728546836
cactgtaacgtggtacag	17.6576148986364
agatgtgatcaagtttca	19.4649591999261
gtcctacgcatacaccac	16.5470174719671
cttgaacactgtaccttc	17.839518403236
tgaattattagtaccttc	19.8581997624964
gagcttcgaaagactgca	19.8984191797654
gcttgtccgtaacaccac	17.1046838683548
caaccgagatgtgtcggc	16.9069287799616
caggaggccagaattagt	17.7727157341107
aagtatcaaccgtggcag	17.839545709551
taataggccgtttcggga	17.839573015866
gctcccatagcgcctcta	0
ttgctcgagtgaacggac	17.839600322181
gccagagtcctagggatc	31.8134228081381
ttcgcacggcgttcgcct	31.5013576309624
ctaggtggccatatccgg	31.803040731097
gaagggagaccctgttcg	13.378918709508
atagcgggccatttgctc	13.378946015823
ggtaggcctctatgttcg	32.4589513197811
agtaaaacaaggtgaatt	31.8432685386541
cggcgtgaggccggtgct	32.5664848265367
aagtattaccgatgttcg	13.378973322138
cttgaacggtccatactt	13.379000628453
cgcataatatacgctccc	31.8141204286383
ttggatgaaataggacga	31.5013849372773
caggagcgagcagttaac	32.4580483708566
gtacagcaaccggactcg	32.185156732447
atgaaggactcgggacga	31.7511251875709
agtaaaaagtatggtagg	31.092396064566
tgcggtcgaaagcggtcc	31.7900514335541
aagtataggttaggtgct	31.8114789557991
acccaatgcggttctagc	32.0723287599668
cgaaagcttacgggtgct	31.7935260406993
ggtgctggccatttaaga	32.5665121328517
gagcttccacgctctagc	32.5665394391667
gaggcccttacgcgaaag	32.5665667454817
caccacgaggccgaaata	32.5665940517967
cgagcagtacagcagact	32.5666213581117
atactttagaggttaaga	32.185184038762
gccgtttgaatttcatca	32.0101552887028
cgcataaattgggccgtt	13.379027934768
aacgtgcaagtcccgatg	13.379055241083
agcacgtcatcaaccttc	13.379082547398
ctaggttgtgtacataga	31.7711601962942
tcatcatggcaggcgaat	32.1607559905321
gaaggggcgaatctcaat	31.8495662816683
gaaggggtcggcggacga	8.23236167634618
atccggtggcagagaccc	8.00427113445001
ttgctcaattggccacgc	7.7606530055773
tgaattactgcataatag	13.379109853713
cactgttaagctgtccta	13.3791371600279
acccaacttacgccacgc	32.022140217933
gtggtgggacgaccacgc	13.3791644663429
ttaagatcgcctgcgaat	13.3791917726579
tgcggtaaagaagcttgt	32.5666486644267
tttgggcctctactgtgg	13.3792190789729
cttacgggtagggtggtg	32.1535639416257
agatgttgttcgggtagg	31.7525657399276
aggttacaaccgatagcg	32.062004548406
cactgtcactgtcaccac	8.23238898266117
cggtccaagtatctatta	31.8495935879833
atagcgacccaactatta	31.7545577486273
gatcaatgctaagactcg	13.3792463852879
agcacgttggatgaaata	32.5666759707417
cggcgtaattggcagact	8.33197179642805
cttgaattcttgggacga	32.5667032770567
ggacgaggattgttcttg	13.3792736916029
acccaaagatgtccgatg	13.3793009979179
gtggtggaagggcactgt	32.1502452774751
atagcgccgtaaatagcg	32.5667305833717
cctctagccgttggccat	31.7009420435504
ggtaggttcttgctatta	13.3793283042329
tttggggaagggcttgaa	21.7806339012838
gaagggggtagggcgaat	8.25197908666441
ttcgcaaggttaggtgct	13.3793556105478
caaccgacccaacggcgt	8.29134881177444
atatacgctccccaagtc	31.8060916258261
gccagactcaataggtta	13.3793829168628
gcttgtctcaatgtttca	13.3794102231778
tgtgtagtacagttcgca	8.21909221121404
tcgccttaccgatcggga	7.84465009069213
aggttacatagagccaga	21.7806612075988
cagactctcaatggattg	31.0403062236619
gcgcgggactcgcaccac	7.69772602645302
gtttcacactgtttcttg	13.3794375294928
tgctaagaggcccgagca	8.27721312121256
gaaggggccagacagact	31.7627186217718
gagtgaagtctgtggcag	8.23241628897616
gatcaaaggttatatttc	32.5667578896866
caggagcctctataccga	7.82039345456893
cttgaaggtaggcactgt	13.3794648358078
ggtgcttaagcttaagct	31.7377586639566
tgcggttaatagtggcag	32.5667851960016
aagccacgttatttggat	8.29996812818993
gccgttgtggtgacaagg	13.3794921421228
caaccgaacagcacggac	13.3795194484378
tcgggatgcggtaattgg	32.5668125023166
ccacgctgagaccaagtc	8.27377131479227
caagtcagcacgctaggt	13.2901968009126
ttggatggtgcttcatca	8.23244359529114
gggatcctattaaagcca	21.7806885139138
tctagccaagtctgagac	32.4809556784852
gaggccgcgaatttcgca	13.3795467547527
gatcaaagacccgtttca	21.7807158202287
aagtatcactgtccgtaa	13.3795740610677
tcatcacgcataatgaag	21.7807431265437
catagatgctaacgagca	31.4448596894661
gtcctacttgaactgtgg	8.1404395413205
gtttcaaacagctgaatt	13.3796013673827
taatagtaccgaaacgtg	21.7807704328587
gcgaatgccgttcgcata	32.5668398086316
cactgtcagactgctccc	32.5668671149466
atagcgatccggttcttg	13.3796286736977
atacttgggatcgtttca	21.7807977391737
gtcggctgagactgcggt	7.73627963187233
gaaataagatgtaaagaa	31.0561336059335
ggccatctgtgggaaggg	8.23247090160613
catagatcagtggagctt	8.23249820792112
gttaactaagctcaagtc	13.3796559800127
agcacgtgcggtcttgaa	21.7808250454887
ttcttgcggcgttaagct	13.0340471896031
gttaactttggggtttca	31.7589507327881
ggtgctaacagcggattg	21.7808523518037
atactttccaagaagcca	13.3796832863277
aattggtgctaagcgcgg	8.23252551423611
tcatcatcgcctttggat	31.0468934571331
cgcatagcgaatcgttat	13.3797105926427
aagccagtacagaattgg	21.730624239523
ttgctcttaagaggacga	31.3386096762282
actgcaacccaaggtgct	21.7808796581187
attagttgagacagaccc	21.7809069644337
cagactttcgcacgagca	13.3797378989577
tatttctcgccttgttcg	13.3797652052726
caaccgtcgcctaacgtg	21.7016727853022
aagccacctctaatgaag	7.85012464306968
catagatgtgtaaaagaa	31.8343561246035
tcagtgtcgcctgaaggg	21.7809342707486
actgcatgttcgagcacg	13.3797925115876
ttaagactaggtatgaag	21.7809615770636
caagtcttggatcttacg	13.2965210328994
aaagaaatatacttggat	13.3798198179026
ggtaggttgctctcatca	7.24796431598851
atataccaggagtaagct	32.5668944212616
agtaaagtttcaatactt	13.3798471242176
cgaaagggtgctttggat	13.3798744305326
ctattaaccttcctaggt	21.7809888833786
cactgtcctctaggccat	21.7810161896936
ctaggtatacttaaagaa	13.3799017368476
gcgaataggttatggcag	7.24748652229882
gggatcgtttcacgttat	13.3799290431626
cttacgggtaggatgaag	13.3799563494776
ttcgcaatccgggactcg	13.3799836557925
ttcttgcaggagatagcg	0.833069640404479
agtaaagcgaatattagt	30.8488511774943
tccaagtctagcggacga	13.3165033965488
ttggatccgtaaagcacg	30.7104231631012
aagccagtggtgtgtgta	7.78025074383371
taatagtcgggaaaagaa	21.7810434960086
cggtcctttggggagtga	13.3800109621075
agacccagcacgtcggga	7.84564351658414
cgaaagctgtggcggtcc	30.6795935993734
gtcctaaaagaacgaaag	13.3800382684225
aggttacgagcaccacgc	13.0340744959181
cagactcactgtcttacg	32.5669217275766
gaggccacggaccgagca	13.3800655747375
ttggatcaccacagtctg	8.22951384878315
gtggtgacaagggtggtg	7.94458900684308
aagtattaagctctgtgg	13.3800928810525
cctctaaggttaggccat	21.7698841507758
tgagactgctaagatcaa	13.3801201873675
tctagcgaggccaaagaa	21.7810708023236
cgagcaatacttgcgaat	13.3801474936825
taatagtatttcaacagc	13.3801747999974
tgtgtaagcacgcttgaa	13.0025822475967
taagctgccagactatta	0.833096946719467
cgagcacatagaccgtaa	30.8175469628651
agatgtcttacggggatc	0.833124253034454
gagcttgccgtttcagtg	8.27912456431611
attagtcctctatatttc	13.3802021063124
cgaaagttggatgccgtt	0.107226097464341
aattggtggcagtgaatt	21.748798663964
tcgcctttggatcttacg	13.3743561610511
taagctgagcttctgtgg	0.833151559349442
aaagaacggtccggtagg	30.9002523774424
agtaaacgagcattcttg	13.3802294126274
gcgcggatacttcttgaa	0.83317886566443
gagcttcgcataagcacg	13.0304983940223
cttgaagaagggaacgtg	12.7162908147526
gagtgacaaccgacaagg	32.5669490338916
aacagctagaggtctagc	13.0322815840182
ttggatggtaggctcaat	13.034101802233
gagtgagttaacatactt	13.3802567189424
gctgagggtaggcgagca	13.0281098034343
tttgggatacttggccat	13.0312459096547
atatacctattactgtgg	30.7575667064191
agtctgttaagaaacagc	0.836484835239817
caccacgaaatattgctc	13.0014797167479
acggacgtggtgcataga	7.24921493139272
atgaagccacgctaagct	13.0131505416337
taatagttgctctgtgta	7.23671300942853
tgagaccctctagatcaa	13.0234980729979
ctaggttgttcgctaggt	12.7750066178088
tagagggccagaattagt	13.0058407123854
ctaggtcactgtccgtaa	12.9999736753471
gatcaagcttgtcgttat	13.0200411680729
ggattggatcaagagtga	12.781399858465
cactgttgcggtaattgg	12.79492550035
tctagcgatcaacactgt	13.3802840252574
ggacgacgaaagactgca	13.0203195649704
