CellId	dpt_pseudotime
gcgcgggtcggctgcggt-4	0.15059939
aattgggaggcccgagca-4	0.16066918
cggcgtcgagcagccaga-4	0.1598503
agcacgggccattcggga-4	0.15697801
tcgcctcgagcacaccac-4	0.093061626
atacttcaggaggagctt-4	0.10905065
tttgggaacgtggagctt-4	0.17140964
gtggtgtcatcaggtagg-4	0.047824636
agcacgctattatcatca-4	0.08037519
catagaccgatggcgcgg-4	0.05764786
gcgaatgtcctaatccgg-4	0.07182756
gcgcggaagccaggccat-4	0.17260517
ccacgcaattggatatac-4	0.14775334
gactcgaaagaagatcaa-4	0.11353278
gtcggctcatcaggattg-4	0.16485775
ctgtgggaggccagtaaa-4	0.059040803
ccacgccaggagcctcta-4	0.032458086
cttgaaatagcgtcatca-4	0.14530648
ccacgcctaggtcgaaag-4	0.081554055
aaagaagtggtgaagcca-4	0.092786245
attagttgcggttgcggt-4	0.17864378
gaaggggtttcaaattgg-4	0.17749184
gctcccaattggccgatg-4	0.15156564
atccggtcgcctatccgg-4	0.14588422
ctcaatgcgcggcttgaa-4	0.15635124
gccagaatgaagcgttat-4	0.08892768
gccgtttggcagagtctg-4	0.15893094
gccagacgttatcggcgt-4	0.06331345
caaccgggattgttcttg-4	0.09455934
atagcgaaagaatgctaa-4	0.06403629
gctgaggagtgatggcag-4	0.16496065
catagaggccatagatgt-4	0.061302904
caaccgctcaatccgtaa-4	0.15679461
tctagcgccagagagtga-4	0.09711085
cttacggaaatacaagtc-4	0.17812614
tttgggcaggagcggtcc-4	0.15954009
gccagatctagctcgcct-4	0.105164
cgttatcgaaagggattg-4	0.15363133
ccacgcgcgcgggagctt-4	0.06603334
gatcaactattatccaag-4	0.054164715
cgagcacgcatatctagc-4	0.1441316
tgtgtatttgggaacgtg-4	0.15588386
gagtgatatttcttcgca-4	0.08984406
ttaagaccacgcatgaag-4	0.057118524
aacagcgcttgtgcgaat-4	0.16223343
cgttatagacccggtagg-4	0.08561338
aggttagaggccttcttg-4	0.06734213
tcagtgaacgtgaaagaa-4	0.16625273
gccagaagtaaaaacagc-4	0.0703901
gatcaaatgaaggctccc-4	0.15010528
ttcgcattaagagctccc-4	0.15630051
ctattacaaccgtgttcg-4	0.10422541
atacttttggatacggac-4	0.16814367
actgcaagatgtcaggag-4	0.1729651
caaccgagtaaataatag-4	0.15024528
taccgatatttcattagt-4	0.12923148
atagcgagatgtgcgcgg-4	0.05635833
tgttcgtcatcacaggag-4	0.16328827
ccacgctcatcaactgca-4	0.111132905
gtttcaggtaggaattgg-4	0.16153766
atccggagtctgcaggag-4	0.1650588
cgaaagagtaaacaggag-4	0.15512058
atgaaggaaatacagact-4	0.07157711
ttgctcatccggatatac-4	0.14383638
agtctgggtaggagtctg-4	0.16703539
tttgggcgcataggtagg-4	0.053346988
ctattacaggaggactcg-4	0.08839778
tgtgtaagacccatactt-4	0.09527201
gcgaatcaaccggccgtt-4	0.06340051
gatcaagagcttcataga-4	0.09802977
acccaacatagagcttgt-4	0.09630818
tgcggtagcacgccacgc-4	0.094656006
tgctaaaagtatctcaat-4	0.055851996
gtggtgaagccaattagt-4	0.0875121
accttcagacccaccttc-4	0.08646602
cagactagtaaagcgaat-4	0.0560091
cggcgtatacttgaggcc-4	0.09357831
actgcatcagtggtggtg-4	0.13919549
taagctctattatcatca-4	0.08665227
ttcttgacaagggcgcgg-4	0.17364381
accttcactgcaatgaag-4	0.055151332
agtctgccacgctgagac-4	0.09667631
atgaagtgtgtatggcag-4	0.11510437
cggcgtatactttgagac-4	0.09650375
ttcttgggattgttcgca-4	0.16399364
acaaggtaagctgtcggc-4	0.14973332
tatttccgttatggattg-4	0.095118
ggccatatccgggactcg-4	0.09582158
gagtgaagtaaaggattg-4	0.16987364
ctgtggtgttcgttgctc-4	0.051095434
cggcgttggcagcgttat-4	0.062259495
atataccaccacgtggtg-4	0.15710048
gagcttttcttgtgtgta-4	0.051853575
ggattgttgctcgggatc-4	0.09057324
ttggattgttcgatgaag-4	0.15578777
gaagggaaagaatgtgta-4	0.17464878
cggtccaagccaacggac-4	0.05836382
agatgtggtaggaagcca-4	0.16588728
tgcggtcgagcagatcaa-4	0.063955195
agacccatagcggggatc-4	0.17091513
tagaggcaaccgccacgc-4	0.06005769
tctagcgctccccaaccg-4	0.18427281
caggagcaaccgtgcggt-4	0.07920237
cagactggccatcaccac-4	0.14142977
ggccataacagcgtttca-4	0.16713713
ttcttgaagtatggtagg-4	0.056035228
tatttcagatgtcaagtc-4	0.09966601
tcgggatctagccagact-4	0.09597395
cttgaaacaaggtcatca-4	0.055544324
atatacattagtagtaaa-4	0.09264204
tgcggttgtgtaccgtaa-4	0.1714346
gtacagtgcggttgagac-4	0.0989816
tggcaggctccctcagtg-4	0.058965046
gtcctattggatgagctt-4	0.09298066
gccagaaagccagtggtg-4	0.13796307
cagactatgaagatagcg-4	0.060459424
cgttatcaagtcaagcca-4	0.091430165
tgagacaccttccgcata-4	0.16422656
acaaggctaggttatttc-4	0.063106775
gccgttgagcttcataga-4	0.100461364
gcttgtgtggtgtttggg-4	0.16886532
tcagtgtaagcttcatca-4	0.08940394
ggtaggattagtcaagtc-4	0.093772225
gctgaggtttcaatatac-4	0.09330223
gttaacctgtggtcggga-4	0.08452239
ggattgtatttcagtctg-4	0.15680684
cactgtgggatctgctaa-4	0.058955245
ttaagatatttctaccga-4	0.10485471
tgcggttagaggattagt-4	0.92998475
agcacgcagactgctccc-4	0.14107074
caagtccggtccctatta-4	0.0975139
ggccatgctgagaacagc-4	0.15098692
gaaatagtggtgcggtcc-4	0.15964465
caccacatgaagtatttc-4	0.15878405
ttggattctagcgctgag-4	0.061118327
ttggatctgtgggtcggc-4	0.15310955
gctgaggggatcggtagg-4	0.05294256
cgagcaagtctgcgttat-4	0.16361004
ttcttgatccggcaagtc-4	0.06164236
gaagggaccttccactgt-4	0.06264542
gactcgatacttttcgca-4	0.16250193
gtggtgggattgtaagct-4	0.15997495
ttcgcatccaagagtctg-4	0.09547788
gtcctaaattggagtctg-4	0.1692376
gtttcaatgaagatagcg-4	0.16014521
ccacgcactgcaactgca-4	0.092120774
gaagggcactgtctcaat-4	0.14142308
gcgcgggtcctagaaata-4	0.0936186
aggttagtttcactgtgg-4	0.054887414
gcttgtaagccaccacgc-4	0.16579066
aattggatatacggtagg-4	0.064131595
ggtaggggccattaatag-4	0.095634475
cagactgtttcagatcaa-4	0.16470405
ttgctcagatgtgctgag-4	0.10833324
atccgggagtgacttacg-4	0.07726022
agacccaagccaggattg-4	0.15758696
cagactctgtggggtagg-4	0.06231571
gaggccactgcaaattgg-4	0.1511044
tgtgtaattagtaaagaa-4	0.055174436
cctctagggatcaccttc-4	0.07834787
gggatcgggatccgaaag-4	0.09115412
caagtctgtgtaggattg-4	0.063970916
acccaaagatgtatccgg-4	0.097173855
agacccagtaaaaattgg-4	0.08649752
gaagggcgcatataagct-4	0.08308443
taccgaaaagaacgcata-4	0.06423517
atgaagtgttcgctgtgg-4	0.15904249
cggcgtgtacagaggtta-4	0.04986642
cgttatgaggccggacga-4	0.107165575
ccacgcggacgacagact-4	0.07838369
tgctaaacaaggcggtcc-4	0.06634156
tcagtgcggtccggtagg-4	0.06143994
cactgtgagcttatccgg-4	0.06483716
tagaggatccggagaccc-4	0.09708921
aagccaatacttgccaga-4	0.13818385
gcgaataccttcatagcg-4	0.061197076
tgttcgcttgaattgctc-4	0.05560299
ctgtggtaatagtggcag-4	0.058405403
acggacatccggtgcggt-4	0.14372323
tagagggcttgtgtccta-4	0.06116858
ttggatggccatatccgg-4	0.16779508
tccaagttggattatttc-4	0.106031135
cttacggtggtgactgca-4	0.05242579
gagctttgcggttaagct-4	0.089719675
ccacgcccgatgcggcgt-4	0.064797476
tgagaccaaccgtaccga-4	0.06898564
cactgtggtgcttcatca-4	0.1826617
gaagggtgctaaaacgtg-4	0.042100713
acccaaaacgtgacccaa-4	0.0582525
tcgggataagctgatcaa-4	0.1647773
gatcaatagagggatcaa-4	0.15973783
atactttcatcaagtaaa-4	0.062021673
aagccatatttctcagtg-4	0.076093554
aattggtgaattcaagtc-4	0.13666065
cactgtgtcctacaaccg-4	0.09615844
cgcatagcttgtgagtga-4	0.04155109
cagactgccagaacggac-4	0.16883759
gtcctacttgaacgcata-4	0.08226141
ggtaggacccaaaacgtg-4	0.34864065
tggcagtggcagacggac-4	0.09989906
acggacctgtggtgttcg-4	0.16069384
tagaggaccttcaccttc-4	0.069508575
tccaagaagccacaccac-4	0.1590314
cgaaagagatgtgtccta-4	0.08833532
ggccatccgtaaacggac-4	0.16054836
atacttcggcgtgaaata-4	0.09802079
ggccatcaaccggaaggg-4	0.057095893
caaccggaaatacaggag-4	0.1562447
tgtgtatgctaaaccttc-4	0.16765584
ggccatgtggtgtgtgta-4	0.08983601
gtggtgtgttcgttaaga-4	0.16693655
cagactttgctcttgctc-4	0.06067149
aagccagagctttaatag-4	0.0846202
taagcttcagtgagaccc-4	0.09108471
cctctaggattgcataga-4	0.0600653
ccgatgcaaccgtgctaa-4	0.05427359
acccaatggcagtaagct-4	0.055091355
caggagcactgttcatca-4	0.08111939
gaaataccgatgcataga-4	0.15011908
tcgggacaaccggctgag-4	0.08891551
gctgagtgtgtacagact-4	0.08948553
agcacgttggatttcgca-4	0.14999372
cctctaaggttactgtgg-4	0.09813348
attagttagaggattagt-4	0.08770785
gtcctaacccaagctccc-4	0.092619546
cgagcaggtgctatagcg-4	0.11482764
gccgttgaaggggagctt-4	0.0824952
tagaggccgatgtgtgta-4	0.0867694
tagaggttcttgggtgct-4	0.07844878
tctagcttcttgtggcag-4	0.14951539
gaggccgcgaatcttgaa-4	0.0814759
gccgttcgaaagtcgcct-4	0.16062747
gcgcggggacgaggccat-4	0.06931294
accttcactgcataatag-4	0.16003269
ccgatggtcctagtttca-4	0.149339
agcacggctgagctcaat-4	0.16034514
tgcggtcagactaaagaa-4	0.096768305
gggatcaagccaggacga-4	0.029360214
ttaagatatttccttacg-4	0.106992625
gtttcatgagaccaggag-4	0.09636575
atactttgcggtatgaag-4	0.074183755
tcatcaagtctgaattgg-4	0.054171123
ctaggtccacgcttaaga-4	0.09379177
ggacgattggattaagct-4	0.062822744
tggcagttcgcaacggac-4	0.09235365
ttcttgctcaatttaaga-4	0.16150488
ccacgcccacgcccgtaa-4	0.082195446
gactcgatatacgaggcc-4	0.15908812
tgaattagcacgcataga-4	0.0939505
cgagcagccagattcgca-4	0.0
agcacgttcttggtcggc-4	0.08817361
aggttagccagagccaga-4	0.059180856
tatttccggcgtaaagaa-4	0.10382212
cggtccttaagacataga-4	0.101358525
ttcgcacggcgtactgca-4	0.15549967
ggacgatatttctaagct-4	0.08824634
gtggtgcagactcggtcc-4	0.08654126
ctaggtcgcatatcgcct-4	0.072766654
acaaggaacgtgggattg-4	0.0626296
ttcttgaccttccgttat-4	0.0792226
ctaggtcctctaagtctg-4	0.1510913
ctaggtgagtgaaagtat-4	0.09202366
gcttgttcgggatatttc-4	0.056542806
cactgtatccggcgagca-4	0.09416091
gaggccgcgcggctatta-4	0.053841032
acggacaattggcagact-4	0.085650995
atacttcttacgcagact-4	0.08778769
gactcgactgcacgcata-4	0.08830272
tgagacctgtgggctccc-4	0.104803056
cggcgttagagggctccc-4	0.09267428
agtctgcaggagcggtcc-4	0.08842511
agatgtgaagggccacgc-4	0.16352545
gaggccgttaacagtaaa-4	0.14618064
aggttatgcggtgctccc-4	0.1682151
gtacagtaataggtacag-4	0.08579187
gtggtgactgcacgagca-4	0.1501178
cctctagcgcggtagagg-4	0.088269286
atgaagattagtgagtga-4	0.09975215
tccaagtaagctagatgt-4	0.15700407
atatactcatcacttacg-4	0.16548844
atacttcagacttcagtg-4	0.059903294
tggcagcggtccatatac-4	0.078132205
gaggccggtaggtctagc-4	0.09815018
catagaggtaggatccgg-4	0.079119965
ctcaatcatagattgctc-4	0.08943104
gcgaatggacgatcagtg-4	0.06704606
gagcttttgctcgtggtg-4	0.14977972
atagcgtgttcgcgcata-4	0.06250825
ctaggtctcaatcgaaag-4	0.14346085
tcagtgaattgggaaggg-4	0.17224954
cgcataccgtaattcgca-4	0.13052374
acccaaagcacgttggat-4	0.076519564
atacttgttaacaacgtg-4	0.09612498
gactcgtatttccgaaag-4	0.082339615
ggtgctagatgtgtcggc-4	0.16762686
tcgggagaagggccacgc-4	0.09214817
tgagactcgccttgagac-4	0.08092749
tagaggagtaaaaacgtg-4	0.049145494
tgtgtagtttcaagtaaa-4	0.073088616
atacttacccaacaagtc-4	0.08248455
gctgaggagtgaaacgtg-4	0.11906941
gtcggcttaagaacaagg-4	0.08011708
tgaattgggatcacccaa-4	0.07155382
gggatcgactcgatccgg-4	0.093372986
ttcttgacccaagagtga-4	0.13894545
aacgtgagcacgcaccac-4	0.17477557
tttgggtatttctttggg-4	0.0531942
acggactcgggagaaata-4	0.05415301
ggccataacgtgacggac-4	0.054047123
atagcgtgtgtacggcgt-4	0.10114979
aacagcgttaacgggatc-4	0.084171414
tgcggtctcaataagtat-4	0.0982716
gaagggcttacgatgaag-4	0.051811576
catagatcgggaaacagc-4	0.08981574
tccaaggtcctagagtga-4	0.086056486
agcacgaagtatttaaga-4	0.15847868
cagactactgcagtacag-4	0.04637811
taccgagtcggccaagtc-4	0.09349683
gtttcagaaataccacgc-4	0.08489462
atacttaaagaatttggg-4	0.081398435
ctaggtactgcaacggac-4	0.09378329
cctctagaaataacggac-4	0.04215637
gtacagagcacgtggcag-4	0.04124934
taatagccacgcacggac-4	0.1281159
aagtatgccgttaattgg-4	0.0947273
ttcgcacttacggcgaat-4	0.06707765
ttcttgcttacgatactt-4	0.084612764
gatcaagctgagatatac-4	0.11378081
cagactcaccacacccaa-4	0.115465306
ggccatgggatcgccaga-4	0.1637074
gagtgaccgatggaaggg-4	0.078679875
aaagaacagactgtggtg-4	0.121459804
tgcggttgagacctaggt-4	0.1463957
attagtccgatgggccat-4	0.08657516
gactcggagtgatcagtg-4	0.09593294
atagcgatataccaagtc-4	0.10040693
aacagcctattacataga-4	0.09483203
ctaggttatttctttggg-4	0.09347813
gtcggcttgctcttcttg-4	0.1491299
cgagcagatcaatagagg-4	0.117079355
taataggtttcaagtaaa-4	0.17000493
gggatccgttatgaaata-4	0.093435206
cactgtaacgtggtacag-4	0.07289083
agatgtgatcaagtttca-4	0.2478565
gtcctacgcatacaccac-4	0.066993
cttgaacactgtaccttc-4	0.10021323
tgaattattagtaccttc-4	0.13909124
gagcttcgaaagactgca-4	0.109645545
gcttgtccgtaacaccac-4	0.045875832
caaccgagatgtgtcggc-4	0.054268308
caggaggccagaattagt-4	0.077657185
aagtatcaaccgtggcag-4	0.12421911
taataggccgtttcggga-4	0.08375497
gctcccatagcgcctcta-4	0.018593397
ttgctcgagtgaacggac-4	0.09570049
gccagagtcctagggatc-5	0.2913376
ttcgcacggcgttcgcct-5	0.29924136
ctaggtggccatatccgg-5	0.30075246
gaagggagaccctgttcg-5	0.6724405
atagcgggccatttgctc-5	0.6808809
ggtaggcctctatgttcg-5	0.31548274
agtaaaacaaggtgaatt-5	0.28599378
cggcgtgaggccggtgct-5	0.3287505
aagtattaccgatgttcg-5	0.65614575
cttgaacggtccatactt-5	0.67075104
cgcataatatacgctccc-5	0.3011272
ttggatgaaataggacga-5	0.28964728
caggagcgagcagttaac-5	0.31819218
gtacagcaaccggactcg-5	0.32595283
atgaaggactcgggacga-5	0.30736306
agtaaaaagtatggtagg-5	0.3056853
tgcggtcgaaagcggtcc-5	0.30682397
aagtataggttaggtgct-5	0.30686465
acccaatgcggttctagc-5	0.29994565
cgaaagcttacgggtgct-5	0.27851588
ggtgctggccatttaaga-5	0.33569276
gagcttccacgctctagc-5	0.3070251
gaggcccttacgcgaaag-5	0.32103297
caccacgaggccgaaata-5	0.31949452
cgagcagtacagcagact-5	0.3142598
atactttagaggttaaga-5	0.3189703
gccgtttgaatttcatca-5	0.2910288
cgcataaattgggccgtt-5	0.65022695
aacgtgcaagtcccgatg-5	0.27087486
agcacgtcatcaaccttc-5	0.71220964
ctaggttgtgtacataga-5	0.29980353
tcatcatggcaggcgaat-5	0.28246167
gaaggggcgaatctcaat-5	0.25282282
gaaggggtcggcggacga-5	0.8388111
atccggtggcagagaccc-5	0.88035494
ttgctcaattggccacgc-5	0.9134505
tgaattactgcataatag-5	0.6759204
cactgttaagctgtccta-5	0.71028197
acccaacttacgccacgc-5	0.2832358
gtggtgggacgaccacgc-5	0.6743435
ttaagatcgcctgcgaat-5	0.6566431
tgcggtaaagaagcttgt-5	0.3074474
tttgggcctctactgtgg-5	0.64246833
cttacgggtagggtggtg-5	0.3074775
agatgttgttcgggtagg-5	0.2871483
aggttacaaccgatagcg-5	0.28871912
cactgtcactgtcaccac-5	0.83716875
cggtccaagtatctatta-5	0.23957174
atagcgacccaactatta-5	0.24973626
gatcaatgctaagactcg-5	0.6592015
agcacgttggatgaaata-5	0.33204353
cggcgtaattggcagact-5	0.89770705
cttgaattcttgggacga-5	0.31952643
ggacgaggattgttcttg-5	0.6704294
acccaaagatgtccgatg-5	0.6969827
gtggtggaagggcactgt-5	0.26325607
atagcgccgtaaatagcg-5	0.3276537
cctctagccgttggccat-5	0.27893436
ggtaggttcttgctatta-5	0.68505615
tttggggaagggcttgaa-5	0.17997137
gaagggggtagggcgaat-5	0.89261734
ttcgcaaggttaggtgct-5	0.67352855
caaccgacccaacggcgt-5	0.9891888
atatacgctccccaagtc-5	0.25530964
gccagactcaataggtta-5	0.69356936
gcttgtctcaatgtttca-5	0.70920837
tgtgtagtacagttcgca-5	1.0
tcgccttaccgatcggga-5	0.9423184
aggttacatagagccaga-5	0.1727266
cagactctcaatggattg-5	0.34813064
gcgcgggactcgcaccac-5	0.92947894
gtttcacactgtttcttg-5	0.7090638
tgctaagaggcccgagca-5	0.96814483
gaaggggccagacagact-5	0.24317604
gagtgaagtctgtggcag-5	0.80558825
gatcaaaggttatatttc-5	0.33600512
caggagcctctataccga-5	0.90514046
cttgaaggtaggcactgt-5	0.6878379
ggtgcttaagcttaagct-5	0.24846405
tgcggttaatagtggcag-5	0.34394673
aagccacgttatttggat-5	0.9414489
gccgttgtggtgacaagg-5	0.691302
caaccgaacagcacggac-5	0.6901767
tcgggatgcggtaattgg-5	0.3260077
ccacgctgagaccaagtc-5	0.94648576
caagtcagcacgctaggt-5	0.6898668
ttggatggtgcttcatca-5	0.7974482
gggatcctattaaagcca-5	0.18288137
tctagccaagtctgagac-5	0.3108965
gaggccgcgaatttcgca-5	0.76651096
gatcaaagacccgtttca-5	0.184131
aagtatcactgtccgtaa-5	0.6588012
tcatcacgcataatgaag-5	0.18414949
catagatgctaacgagca-5	0.2586807
gtcctacttgaactgtgg-5	0.84652346
gtttcaaacagctgaatt-5	0.67774004
taatagtaccgaaacgtg-5	0.15763927
gcgaatgccgttcgcata-5	0.30838245
cactgtcagactgctccc-5	0.32670477
atagcgatccggttcttg-5	0.68917286
atacttgggatcgtttca-5	0.17700814
gtcggctgagactgcggt-5	0.924507
gaaataagatgtaaagaa-5	0.34672585
ggccatctgtgggaaggg-5	0.83575755
catagatcagtggagctt-5	0.7712124
gttaactaagctcaagtc-5	0.7168042
agcacgtgcggtcttgaa-5	0.1426128
ttcttgcggcgttaagct-5	0.7392656
gttaactttggggtttca-5	0.2741298
ggtgctaacagcggattg-5	0.15279335
atactttccaagaagcca-5	0.72355574
aattggtgctaagcgcgg-5	0.83554506
tcatcatcgcctttggat-5	0.30753553
cgcatagcgaatcgttat-5	0.6977715
aagccagtacagaattgg-5	0.20853668
ttgctcttaagaggacga-5	0.35747844
actgcaacccaaggtgct-5	0.1356908
attagttgagacagaccc-5	0.112429515
cagactttcgcacgagca-5	0.69754356
tatttctcgccttgttcg-5	0.7746738
caaccgtcgcctaacgtg-5	0.20055698
aagccacctctaatgaag-5	0.91875976
catagatgtgtaaaagaa-5	0.25996462
tcagtgtcgcctgaaggg-5	0.17158237
actgcatgttcgagcacg-5	0.6788715
ttaagactaggtatgaag-5	0.1729934
caagtcttggatcttacg-5	0.7391242
aaagaaatatacttggat-5	0.7188699
ggtaggttgctctcatca-5	0.42223755
atataccaggagtaagct-5	0.33328846
agtaaagtttcaatactt-5	0.6878657
cgaaagggtgctttggat-5	0.7262019
ctattaaccttcctaggt-5	0.1933765
cactgtcctctaggccat-5	0.16835335
ctaggtatacttaaagaa-5	0.74574834
gcgaataggttatggcag-5	0.39903656
gggatcgtttcacgttat-5	0.6951182
cttacgggtaggatgaag-5	0.75344557
ttcgcaatccgggactcg-5	0.7198373
ttcttgcaggagatagcg-5	0.12252511
agtaaagcgaatattagt-5	0.3694494
tccaagtctagcggacga-5	0.7495397
ttggatccgtaaagcacg-5	0.35944965
aagccagtggtgtgtgta-5	0.84781694
taatagtcgggaaaagaa-5	0.17229778
cggtcctttggggagtga-5	0.7952352
agacccagcacgtcggga-5	0.85631585
cgaaagctgtggcggtcc-5	0.35239598
gtcctaaaagaacgaaag-5	0.67251444
aggttacgagcaccacgc-5	0.74195004
cagactcactgtcttacg-5	0.2916705
gaggccacggaccgagca-5	0.7482591
ttggatcaccacagtctg-5	0.94720495
gtggtgacaagggtggtg-5	0.8805238
aagtattaagctctgtgg-5	0.7527158
cctctaaggttaggccat-5	0.16925626
tgagactgctaagatcaa-5	0.665876
tctagcgaggccaaagaa-5	0.19674702
cgagcaatacttgcgaat-5	0.64493984
taatagtatttcaacagc-5	0.64047325
tgtgtaagcacgcttgaa-5	0.70919186
taagctgccagactatta-5	0.10536693
cgagcacatagaccgtaa-5	0.33326054
agatgtcttacggggatc-5	0.16515666
gagcttgccgtttcagtg-5	0.87718034
attagtcctctatatttc-5	0.7189783
cgaaagttggatgccgtt-5	0.3149006
aattggtggcagtgaatt-5	0.1842444
tcgcctttggatcttacg-5	0.67849857
taagctgagcttctgtgg-5	0.12602046
aaagaacggtccggtagg-5	0.28433022
agtaaacgagcattcttg-5	0.670995
gcgcggatacttcttgaa-5	0.12409803
gagcttcgcataagcacg-5	0.66441345
cttgaagaagggaacgtg-5	0.72840947
gagtgacaaccgacaagg-5	0.26598424
aacagctagaggtctagc-5	0.74306226
ttggatggtaggctcaat-5	0.67504925
gagtgagttaacatactt-5	0.7121184
gctgagggtaggcgagca-5	0.6510984
tttgggatacttggccat-5	0.68142265
atatacctattactgtgg-5	0.34492102
agtctgttaagaaacagc-5	0.14507927
caccacgaaatattgctc-5	0.7363349
acggacgtggtgcataga-5	0.38773337
atgaagccacgctaagct-5	0.69641864
taatagttgctctgtgta-5	0.24148269
tgagaccctctagatcaa-5	0.6899902
ctaggttgttcgctaggt-5	0.69456214
tagagggccagaattagt-5	0.6771548
ctaggtcactgtccgtaa-5	0.6794864
gatcaagcttgtcgttat-5	0.6958744
ggattggatcaagagtga-5	0.46376684
cactgttgcggtaattgg-5	0.604552
tctagcgatcaacactgt-5	0.65079564
ggacgacgaaagactgca-5	0.68115
