CellId	CNV_inference
gcgcgggtcggctgcggt-4	1.4903261463767348
aattgggaggcccgagca-4	1.3928862578239396
cggcgtcgagcagccaga-4	1.3844746147110656
agcacgggccattcggga-4	1.2641242562476083
tcgcctcgagcacaccac-4	1.2527498092349942
atacttcaggaggagctt-4	1.4782905874734338
tttgggaacgtggagctt-4	1.3519557885145987
gtggtgtcatcaggtagg-4	1.347691851097409
agcacgctattatcatca-4	1.3385348684554657
catagaccgatggcgcgg-4	1.5957770055304252
gcgaatgtcctaatccgg-4	1.4610159394217828
gcgcggaagccaggccat-4	1.2827230551658
ccacgcaattggatatac-4	1.3536892341416615
gactcgaaagaagatcaa-4	1.5349807595247
gtcggctcatcaggattg-4	1.3990272967130317
ctgtgggaggccagtaaa-4	1.4451186661334103
ccacgccaggagcctcta-4	1.3582943443390445
cttgaaatagcgtcatca-4	1.4287979449836785
ccacgcctaggtcgaaag-4	1.5035025219998466
aaagaagtggtgaagcca-4	1.6010309648840575
attagttgcggttgcggt-4	1.5210690520057688
gaaggggtttcaaattgg-4	1.3952630410799431
gctcccaattggccgatg-4	1.4362060733158997
atccggtcgcctatccgg-4	1.55363923197074
ctcaatgcgcggcttgaa-4	1.4261056992269443
gccagaatgaagcgttat-4	1.5469785765910455
gccgtttggcagagtctg-4	1.417932258284013
gccagacgttatcggcgt-4	1.5354892113928293
caaccgggattgttcttg-4	1.5282948405966235
atagcgaaagaatgctaa-4	1.5305947059318028
gctgaggagtgatggcag-4	1.4506430753624728
catagaggccatagatgt-4	1.5534904731540466
caaccgctcaatccgtaa-4	1.426265347564908
tctagcgccagagagtga-4	1.713217317829927
cttacggaaatacaagtc-4	1.4018611321630754
tttgggcaggagcggtcc-4	1.4016992781100879
gccagatctagctcgcct-4	1.4309699499261814
cgttatcgaaagggattg-4	1.342238232644254
ccacgcgcgcgggagctt-4	1.4187332170579565
gatcaactattatccaag-4	1.3524455342232318
cgagcacgcatatctagc-4	1.5477875739111029
tgtgtatttgggaacgtg-4	1.566824144880704
gagtgatatttcttcgca-4	1.444048129935705
ttaagaccacgcatgaag-4	1.479074920734179
aacagcgcttgtgcgaat-4	1.396084587698712
cgttatagacccggtagg-4	1.6036530665679618
aggttagaggccttcttg-4	1.2383945470668916
tcagtgaacgtgaaagaa-4	1.202967201806097
gccagaagtaaaaacagc-4	1.4027989574375024
gatcaaatgaaggctccc-4	1.212017575370327
ttcgcattaagagctccc-4	1.459115497115896
ctattacaaccgtgttcg-4	1.6380696799185415
atacttttggatacggac-4	1.3605051345561558
actgcaagatgtcaggag-4	1.4541528205016316
caaccgagtaaataatag-4	1.5408086713120321
taccgatatttcattagt-4	1.6009981918568246
atagcgagatgtgcgcgg-4	1.4992227060587318
tgttcgtcatcacaggag-4	1.4881463196901425
ccacgctcatcaactgca-4	1.5653229195701792
gtttcaggtaggaattgg-4	1.5194348694257485
atccggagtctgcaggag-4	1.4780990347676797
cgaaagagtaaacaggag-4	1.555047356213752
atgaaggaaatacagact-4	1.5880708423780292
ttgctcatccggatatac-4	1.402192267540657
agtctgggtaggagtctg-4	1.6868310866178158
tttgggcgcataggtagg-4	1.425098960490688
ctattacaggaggactcg-4	1.6779643695319058
tgtgtaagacccatactt-4	1.712575962783614
gcgaatcaaccggccgtt-4	1.5444875804944544
gatcaagagcttcataga-4	1.5449312066176586
acccaacatagagcttgt-4	1.683370998774454
tgcggtagcacgccacgc-4	1.6176493606888511
tgctaaaagtatctcaat-4	1.4934360855481221
gtggtgaagccaattagt-4	1.4910205538864314
accttcagacccaccttc-4	1.7411816746535742
cagactagtaaagcgaat-4	1.3563484192567616
cggcgtatacttgaggcc-4	1.333573566959178
actgcatcagtggtggtg-4	1.4420296479003014
taagctctattatcatca-4	1.634096665232564
ttcttgacaagggcgcgg-4	1.4499830665910804
accttcactgcaatgaag-4	1.5223973353149396
agtctgccacgctgagac-4	1.6026906779577363
atgaagtgtgtatggcag-4	1.5633625978535717
cggcgtatactttgagac-4	1.507288123265531
ttcttgggattgttcgca-4	1.53489258852476
acaaggtaagctgtcggc-4	1.4755248754152808
tatttccgttatggattg-4	1.4656059001364847
ggccatatccgggactcg-4	1.5252590236811412
gagtgaagtaaaggattg-4	1.572472231275401
ctgtggtgttcgttgctc-4	1.562253043258308
cggcgttggcagcgttat-4	1.4717435951285467
atataccaccacgtggtg-4	1.6148595409883701
gagcttttcttgtgtgta-4	1.4828891761821914
ggattgttgctcgggatc-4	1.547607424258386
ttggattgttcgatgaag-4	1.49928595859189
gaagggaaagaatgtgta-4	1.3833626872262048
cggtccaagccaacggac-4	1.477168333923853
agatgtggtaggaagcca-4	1.4675018582997297
tgcggtcgagcagatcaa-4	1.4631840150453743
agacccatagcggggatc-4	1.8100893968337237
tagaggcaaccgccacgc-4	1.4329676026540772
tctagcgctccccaaccg-4	1.3914686040915094
caggagcaaccgtgcggt-4	1.624543400112344
cagactggccatcaccac-4	1.5336862696163358
ggccataacagcgtttca-4	1.4523138400377886
ttcttgaagtatggtagg-4	1.466716676543438
tatttcagatgtcaagtc-4	1.2898205264102756
tcgggatctagccagact-4	1.5834316751824573
cttgaaacaaggtcatca-4	1.4429517718215736
atatacattagtagtaaa-4	1.455885800654971
tgcggttgtgtaccgtaa-4	1.4880206234607862
gtacagtgcggttgagac-4	1.541340589165246
tggcaggctccctcagtg-4	1.561406601464111
gtcctattggatgagctt-4	1.3771675079966252
gccagaaagccagtggtg-4	1.4046643083972972
cagactatgaagatagcg-4	1.5005396613622464
cgttatcaagtcaagcca-4	1.3999309007274694
tgagacaccttccgcata-4	1.4948545193818756
acaaggctaggttatttc-4	1.5747301824201685
gccgttgagcttcataga-4	1.5960635944348514
gcttgtgtggtgtttggg-4	1.5867619907120825
tcagtgtaagcttcatca-4	1.4389119669374242
ggtaggattagtcaagtc-4	1.615763830464096
gctgaggtttcaatatac-4	1.5722900917265188
gttaacctgtggtcggga-4	1.561285099825311
ggattgtatttcagtctg-4	1.4458178086118783
cactgtgggatctgctaa-4	1.555397835246975
ttaagatatttctaccga-4	1.5127140013842648
tgcggttagaggattagt-4	0.9905763690572188
agcacgcagactgctccc-4	1.4957993493787802
caagtccggtccctatta-4	1.6535926263451735
ggccatgctgagaacagc-4	1.4403119955099888
gaaatagtggtgcggtcc-4	1.3262659815480276
caccacatgaagtatttc-4	1.393280413121415
ttggattctagcgctgag-4	1.5125779082117619
ttggatctgtgggtcggc-4	1.5515729736974102
gctgaggggatcggtagg-4	1.3525335839177322
cgagcaagtctgcgttat-4	1.4426455898430086
ttcttgatccggcaagtc-4	1.4021426173487919
gaagggaccttccactgt-4	1.6816258134341209
gactcgatacttttcgca-4	1.531722344552828
gtggtgggattgtaagct-4	1.6820461231110562
ttcgcatccaagagtctg-4	1.617430262408425
gtcctaaattggagtctg-4	1.5145050308518255
gtttcaatgaagatagcg-4	1.327424958394392
ccacgcactgcaactgca-4	1.6048721943769588
gaagggcactgtctcaat-4	1.4282328595082976
gcgcgggtcctagaaata-4	1.5225775566682669
aggttagtttcactgtgg-4	1.3229609731849645
gcttgtaagccaccacgc-4	1.4703551200683367
aattggatatacggtagg-4	1.4796948180363916
ggtaggggccattaatag-4	1.4139462095890305
cagactgtttcagatcaa-4	1.5120629222861228
ttgctcagatgtgctgag-4	1.4863802050530208
atccgggagtgacttacg-4	1.6089081331938737
agacccaagccaggattg-4	1.3858449161604944
cagactctgtggggtagg-4	1.4104812845126409
gaggccactgcaaattgg-4	1.3802576584519852
tgtgtaattagtaaagaa-4	1.5651075753444883
cctctagggatcaccttc-4	1.4920963918069032
gggatcgggatccgaaag-4	1.501819365567646
caagtctgtgtaggattg-4	1.6027970269795664
acccaaagatgtatccgg-4	1.5153656716515438
agacccagtaaaaattgg-4	1.567156511870895
gaagggcgcatataagct-4	1.5835855235315723
taccgaaaagaacgcata-4	1.519645898685069
atgaagtgttcgctgtgg-4	1.6905366214385902
cggcgtgtacagaggtta-4	1.3970280486504125
cgttatgaggccggacga-4	1.4178348104807692
ccacgcggacgacagact-4	1.5402546730247753
tgctaaacaaggcggtcc-4	1.5815301169621816
tcagtgcggtccggtagg-4	1.638224503837888
cactgtgagcttatccgg-4	1.5535350455839196
tagaggatccggagaccc-4	1.7887409287092657
aagccaatacttgccaga-4	1.595556284030066
gcgaataccttcatagcg-4	1.6510928315214872
tgttcgcttgaattgctc-4	1.287428536515024
ctgtggtaatagtggcag-4	1.6176808980872681
acggacatccggtgcggt-4	1.5130860990089643
tagagggcttgtgtccta-4	1.6864853184790332
ttggatggccatatccgg-4	1.5792429336303055
tccaagttggattatttc-4	1.3105187586603269
cttacggtggtgactgca-4	1.347189435927043
gagctttgcggttaagct-4	1.6052742737463614
ccacgcccgatgcggcgt-4	1.5034571012983324
tgagaccaaccgtaccga-4	1.5502474743627834
cactgtggtgcttcatca-4	1.4504732351110141
gaagggtgctaaaacgtg-4	1.4779772121226007
acccaaaacgtgacccaa-4	1.3327449486142326
tcgggataagctgatcaa-4	1.7371588477830837
gatcaatagagggatcaa-4	1.3753463585615602
atactttcatcaagtaaa-4	1.5616238505632989
aagccatatttctcagtg-4	1.5502417138582059
aattggtgaattcaagtc-4	1.5917978001293025
cactgtgtcctacaaccg-4	1.6129291065143754
cgcatagcttgtgagtga-4	1.5995856437234637
cagactgccagaacggac-4	1.5890950184150843
gtcctacttgaacgcata-4	1.3665388147807151
ggtaggacccaaaacgtg-4	1.474157963324922
tggcagtggcagacggac-4	1.7197760912616706
acggacctgtggtgttcg-4	1.664773591169529
tagaggaccttcaccttc-4	1.6472960177847245
tccaagaagccacaccac-4	1.612254508530766
cgaaagagatgtgtccta-4	1.4823095410581526
ggccatccgtaaacggac-4	1.4560733242890813
atacttcggcgtgaaata-4	1.6455649249966517
ggccatcaaccggaaggg-4	1.6071345160544417
caaccggaaatacaggag-4	1.407126778331578
tgtgtatgctaaaccttc-4	1.8174725132761897
ggccatgtggtgtgtgta-4	1.7499000746959008
gtggtgtgttcgttaaga-4	1.670697909399642
cagactttgctcttgctc-4	1.458322382021171
aagccagagctttaatag-4	1.5163933228420259
taagcttcagtgagaccc-4	1.5442542066957126
cctctaggattgcataga-4	1.4146628243432111
ccgatgcaaccgtgctaa-4	1.3922296711936557
acccaatggcagtaagct-4	1.4484450065691552
caggagcactgttcatca-4	1.5445765928968846
gaaataccgatgcataga-4	1.5637740108934792
tcgggacaaccggctgag-4	1.5388027587018094
gctgagtgtgtacagact-4	1.7874818743489147
agcacgttggatttcgca-4	1.740109451644953
cctctaaggttactgtgg-4	1.5780965177224113
attagttagaggattagt-4	1.7166810957077012
gtcctaacccaagctccc-4	1.383269297363685
cgagcaggtgctatagcg-4	1.620198251182363
gccgttgaaggggagctt-4	1.5281742657293085
tagaggccgatgtgtgta-4	1.5192963572008011
tagaggttcttgggtgct-4	1.2920810360006554
tctagcttcttgtggcag-4	1.6871531233330408
gaggccgcgaatcttgaa-4	1.599473259087624
gccgttcgaaagtcgcct-4	1.7366827299648238
gcgcggggacgaggccat-4	1.606642162062823
accttcactgcataatag-4	1.4763026107808022
ccgatggtcctagtttca-4	1.5115391224739259
agcacggctgagctcaat-4	1.6228272716542473
tgcggtcagactaaagaa-4	1.5251992869985194
gggatcaagccaggacga-4	1.415596453755141
ttaagatatttccttacg-4	1.4617179427998483
gtttcatgagaccaggag-4	1.6430051848111171
atactttgcggtatgaag-4	1.4973974167075426
tcatcaagtctgaattgg-4	1.5200530146614653
ctaggtccacgcttaaga-4	2.006142068435606
ggacgattggattaagct-4	1.6142822897706697
tggcagttcgcaacggac-4	1.7944093626648623
ttcttgctcaatttaaga-4	1.6212334111282916
ccacgcccacgcccgtaa-4	1.5164959840273837
gactcgatatacgaggcc-4	1.5084943247808111
tgaattagcacgcataga-4	1.4394363088051696
cgagcagccagattcgca-4	1.5301628907975662
agcacgttcttggtcggc-4	1.8022609915529095
aggttagccagagccaga-4	1.5230864525854522
tatttccggcgtaaagaa-4	1.589230907896538
cggtccttaagacataga-4	1.605098944867266
ttcgcacggcgtactgca-4	1.447111053336941
ggacgatatttctaagct-4	1.6899865821685212
gtggtgcagactcggtcc-4	1.5957158416460238
ctaggtcgcatatcgcct-4	1.6183637912438062
acaaggaacgtgggattg-4	1.452991158197972
ttcttgaccttccgttat-4	1.751979150965357
ctaggtcctctaagtctg-4	1.5426930670119443
ctaggtgagtgaaagtat-4	1.791919844683016
gcttgttcgggatatttc-4	1.4412490060297436
cactgtatccggcgagca-4	1.7759918034106084
gaggccgcgcggctatta-4	1.620378765355926
acggacaattggcagact-4	1.758630700444311
atacttcttacgcagact-4	1.6151666735940875
gactcgactgcacgcata-4	1.7004165442547223
tgagacctgtgggctccc-4	1.581615370822177
cggcgttagagggctccc-4	1.5549680513720607
agtctgcaggagcggtcc-4	1.582221301250965
agatgtgaagggccacgc-4	1.5091125229986466
gaggccgttaacagtaaa-4	1.644511848508416
aggttatgcggtgctccc-4	1.6006642770707893
gtacagtaataggtacag-4	1.6797108601359123
gtggtgactgcacgagca-4	1.7087443384040326
cctctagcgcggtagagg-4	1.5457964416724168
atgaagattagtgagtga-4	1.8727206949819664
tccaagtaagctagatgt-4	1.499178147191126
atatactcatcacttacg-4	1.4802649884269243
atacttcagacttcagtg-4	1.6741704933393373
tggcagcggtccatatac-4	1.500380327569975
gaggccggtaggtctagc-4	1.559803236850672
catagaggtaggatccgg-4	1.617856836148947
ctcaatcatagattgctc-4	1.4919925762201531
gcgaatggacgatcagtg-4	1.5218160475029507
gagcttttgctcgtggtg-4	1.6159363617025848
atagcgtgttcgcgcata-4	1.6446041592701253
ctaggtctcaatcgaaag-4	1.5254507470873528
tcagtgaattgggaaggg-4	1.5822739368216936
cgcataccgtaattcgca-4	1.7401673707744723
acccaaagcacgttggat-4	1.6628378337430907
atacttgttaacaacgtg-4	1.6613233115116457
gactcgtatttccgaaag-4	1.413009325113771
ggtgctagatgtgtcggc-4	1.9631524725496619
tcgggagaagggccacgc-4	1.5322410264845727
tgagactcgccttgagac-4	1.547386646361203
tagaggagtaaaaacgtg-4	1.5454972966114566
tgtgtagtttcaagtaaa-4	1.6785033563929534
atacttacccaacaagtc-4	1.406904534794044
gctgaggagtgaaacgtg-4	1.747093201020761
gtcggcttaagaacaagg-4	1.3274260291979008
tgaattgggatcacccaa-4	1.687855955066099
gggatcgactcgatccgg-4	1.6527316053636072
ttcttgacccaagagtga-4	1.7006661724258374
aacgtgagcacgcaccac-4	1.7651050236244636
tttgggtatttctttggg-4	1.5415073146879519
acggactcgggagaaata-4	1.8064235664946688
ggccataacgtgacggac-4	1.523064688931804
atagcgtgtgtacggcgt-4	1.4588194740366782
aacagcgttaacgggatc-4	1.5740939943497696
tgcggtctcaataagtat-4	1.7119393622952495
gaagggcttacgatgaag-4	1.5409524040100702
catagatcgggaaacagc-4	1.6973282955159346
tccaaggtcctagagtga-4	1.487617070413979
agcacgaagtatttaaga-4	1.7226555484311283
cagactactgcagtacag-4	1.585148658806622
taccgagtcggccaagtc-4	1.4638895871178121
gtttcagaaataccacgc-4	1.5739395808179866
atacttaaagaatttggg-4	1.5438013287942316
ctaggtactgcaacggac-4	1.625469080035169
cctctagaaataacggac-4	1.6606164155032808
gtacagagcacgtggcag-4	1.4290808059695854
taatagccacgcacggac-4	1.7301603404942834
aagtatgccgttaattgg-4	1.6157840365269693
ttcgcacttacggcgaat-4	1.651910291902983
ttcttgcttacgatactt-4	1.6439956852947784
gatcaagctgagatatac-4	1.4369020461340258
cagactcaccacacccaa-4	1.7125615808938905
ggccatgggatcgccaga-4	1.4528226921609453
gagtgaccgatggaaggg-4	1.6765483159511403
aaagaacagactgtggtg-4	1.7498505341724002
tgcggttgagacctaggt-4	1.6412110900927566
attagtccgatgggccat-4	1.520325256400293
gactcggagtgatcagtg-4	1.7304224363969043
atagcgatataccaagtc-4	1.5637733694068032
aacagcctattacataga-4	1.6534330495118323
ctaggttatttctttggg-4	1.6962537523229542
gtcggcttgctcttcttg-4	1.5880193298110878
cgagcagatcaatagagg-4	1.5834757102213508
taataggtttcaagtaaa-4	1.4574464614046898
gggatccgttatgaaata-4	1.671765071417684
cactgtaacgtggtacag-4	1.475505203425578
agatgtgatcaagtttca-4	1.5346717229341538
gtcctacgcatacaccac-4	1.742772725167699
cttgaacactgtaccttc-4	1.575145847434874
tgaattattagtaccttc-4	1.8418475491695445
gagcttcgaaagactgca-4	1.7728761756170224
gcttgtccgtaacaccac-4	1.5940898684459859
caaccgagatgtgtcggc-4	1.6859504750734662
caggaggccagaattagt-4	1.6508222779222732
aagtatcaaccgtggcag-4	1.5170809736868316
taataggccgtttcggga-4	1.6255877853646696
gctcccatagcgcctcta-4	1.5634115517745881
ttgctcgagtgaacggac-4	1.6326523343561106
gccagagtcctagggatc-5	1.3108248255809636
ttcgcacggcgttcgcct-5	1.4677050751981209
ctaggtggccatatccgg-5	1.3265903713804927
gaagggagaccctgttcg-5	1.1515248668160718
atagcgggccatttgctc-5	1.4634681347216154
ggtaggcctctatgttcg-5	1.3707300663259205
agtaaaacaaggtgaatt-5	1.4529501040357093
cggcgtgaggccggtgct-5	1.5055445727965426
aagtattaccgatgttcg-5	1.2966810950435006
cttgaacggtccatactt-5	1.2056698788317664
cgcataatatacgctccc-5	1.3751236565905598
ttggatgaaataggacga-5	1.441758576261601
caggagcgagcagttaac-5	1.3935813842709797
gtacagcaaccggactcg-5	1.4309164046939657
atgaaggactcgggacga-5	1.57730404542818
agtaaaaagtatggtagg-5	1.4427701203556011
tgcggtcgaaagcggtcc-5	1.5193188087509404
aagtataggttaggtgct-5	1.5733624720955177
acccaatgcggttctagc-5	1.4111445904808286
cgaaagcttacgggtgct-5	1.4646102165449442
ggtgctggccatttaaga-5	1.4286883469485918
gagcttccacgctctagc-5	1.4723761304450917
gaggcccttacgcgaaag-5	1.493205440122404
caccacgaggccgaaata-5	1.4171730223659629
cgagcagtacagcagact-5	1.4358598269103493
atactttagaggttaaga-5	1.402669965510245
gccgtttgaatttcatca-5	1.41300836669071
cgcataaattgggccgtt-5	1.3923415336767626
aacgtgcaagtcccgatg-5	1.4090677779345042
agcacgtcatcaaccttc-5	1.424466133019659
ctaggttgtgtacataga-5	1.496876386396139
tcatcatggcaggcgaat-5	1.2982724520748097
gaaggggcgaatctcaat-5	1.3499032276858982
gaaggggtcggcggacga-5	1.0712195473565533
atccggtggcagagaccc-5	0.7936835002632744
ttgctcaattggccacgc-5	0.7670226259886327
tgaattactgcataatag-5	1.2339221965193885
cactgttaagctgtccta-5	1.4289692617082463
acccaacttacgccacgc-5	1.4790226813468919
gtggtgggacgaccacgc-5	1.26401597025201
ttaagatcgcctgcgaat-5	1.2727956770125748
tgcggtaaagaagcttgt-5	1.4254580306887379
tttgggcctctactgtgg-5	1.3120753885055256
cttacgggtagggtggtg-5	1.3951944768707656
agatgttgttcgggtagg-5	1.3650650244043712
aggttacaaccgatagcg-5	1.495171536937192
cactgtcactgtcaccac-5	0.9024758172010162
cggtccaagtatctatta-5	1.4506622154468847
atagcgacccaactatta-5	1.3247873678441113
gatcaatgctaagactcg-5	1.5687905597216374
agcacgttggatgaaata-5	1.6542370392442556
cggcgtaattggcagact-5	0.7579082115447707
cttgaattcttgggacga-5	1.4529482088245784
ggacgaggattgttcttg-5	1.3437148639947842
acccaaagatgtccgatg-5	1.2999045489170509
gtggtggaagggcactgt-5	1.390478515862751
atagcgccgtaaatagcg-5	1.6098006137293859
cctctagccgttggccat-5	1.3746359549476461
ggtaggttcttgctatta-5	1.5803044492437548
tttggggaagggcttgaa-5	1.34235448771858
gaagggggtagggcgaat-5	0.7551466305785386
ttcgcaaggttaggtgct-5	1.4479799624039666
caaccgacccaacggcgt-5	0.7678799535594165
atatacgctccccaagtc-5	1.2992248812714013
gccagactcaataggtta-5	1.3801321914315021
gcttgtctcaatgtttca-5	1.531337943466899
tgtgtagtacagttcgca-5	0.9573878374594159
tcgccttaccgatcggga-5	0.6498069783974886
aggttacatagagccaga-5	1.382097500795643
cagactctcaatggattg-5	1.8754396191168783
gcgcgggactcgcaccac-5	0.8840062172100156
gtttcacactgtttcttg-5	1.4329897994721341
tgctaagaggcccgagca-5	0.7439057095802997
gaaggggccagacagact-5	1.139266237862658
gagtgaagtctgtggcag-5	0.9338466286863042
gatcaaaggttatatttc-5	1.4619116392011773
caggagcctctataccga-5	0.8690080738047731
cttgaaggtaggcactgt-5	1.3776418453000276
ggtgcttaagcttaagct-5	1.2347001446128707
tgcggttaatagtggcag-5	1.4120474816280104
aagccacgttatttggat-5	0.8453917317584606
gccgttgtggtgacaagg-5	1.5129113522874154
caaccgaacagcacggac-5	1.393339125027701
tcgggatgcggtaattgg-5	1.3961881310586521
ccacgctgagaccaagtc-5	0.7577006382694764
caagtcagcacgctaggt-5	1.383303814429485
ttggatggtgcttcatca-5	1.1722819130971083
gggatcctattaaagcca-5	1.2860171719963938
tctagccaagtctgagac-5	1.4688278350979413
gaggccgcgaatttcgca-5	1.7453875027639105
gatcaaagacccgtttca-5	1.367608182207593
aagtatcactgtccgtaa-5	1.5804351248504003
tcatcacgcataatgaag-5	1.4878514891369887
catagatgctaacgagca-5	1.385104080208533
gtcctacttgaactgtgg-5	0.7561328672848229
gtttcaaacagctgaatt-5	1.5930541598714896
taatagtaccgaaacgtg-5	1.2981497449240187
gcgaatgccgttcgcata-5	1.380091375014272
cactgtcagactgctccc-5	1.4878949478722097
atagcgatccggttcttg-5	1.5333169664787927
atacttgggatcgtttca-5	1.5215533815880031
gtcggctgagactgcggt-5	0.8510415968199069
gaaataagatgtaaagaa-5	1.6316807504177773
ggccatctgtgggaaggg-5	0.9883454490986918
catagatcagtggagctt-5	1.1762809382936796
gttaactaagctcaagtc-5	1.5648561647164436
agcacgtgcggtcttgaa-5	1.232180853591416
ttcttgcggcgttaagct-5	1.750087566728083
gttaactttggggtttca-5	1.6069632114248338
ggtgctaacagcggattg-5	1.384835461487835
atactttccaagaagcca-5	1.4327860992157344
aattggtgctaagcgcgg-5	1.0687216239824293
tcatcatcgcctttggat-5	1.4921563458696108
cgcatagcgaatcgttat-5	1.6604500059578753
aagccagtacagaattgg-5	1.7037955203032682
ttgctcttaagaggacga-5	1.7385661691154424
actgcaacccaaggtgct-5	1.4024207789005847
attagttgagacagaccc-5	1.3518420682936325
cagactttcgcacgagca-5	1.8274250732261776
tatttctcgccttgttcg-5	1.6273162098321938
caaccgtcgcctaacgtg-5	1.6201416539223383
aagccacctctaatgaag-5	0.7669784122002289
catagatgtgtaaaagaa-5	1.6588306881224353
tcagtgtcgcctgaaggg-5	1.3237182297003092
actgcatgttcgagcacg-5	1.4816889244756737
ttaagactaggtatgaag-5	1.481878877950843
caagtcttggatcttacg-5	1.5860446438355944
aaagaaatatacttggat-5	1.4309219997874685
ggtaggttgctctcatca-5	1.2426655174014178
atataccaggagtaagct-5	1.4957068077570954
agtaaagtttcaatactt-5	1.738905721310874
cgaaagggtgctttggat-5	1.7445574948004652
ctattaaccttcctaggt-5	1.474395643981019
cactgtcctctaggccat-5	1.4651086716838229
ctaggtatacttaaagaa-5	1.566051593515626
gcgaataggttatggcag-5	1.5287308545966278
gggatcgtttcacgttat-5	1.4467225470285834
cttacgggtaggatgaag-5	1.5707663552493139
ttcgcaatccgggactcg-5	1.9140401061797818
ttcttgcaggagatagcg-5	1.4875662357384334
agtaaagcgaatattagt-5	1.6930133637046332
tccaagtctagcggacga-5	2.0106251213074313
ttggatccgtaaagcacg-5	1.7929865882053835
aagccagtggtgtgtgta-5	0.9616392396524724
taatagtcgggaaaagaa-5	1.6932632969449235
cggtcctttggggagtga-5	1.7913895356994782
agacccagcacgtcggga-5	0.8949550989888597
cgaaagctgtggcggtcc-5	1.5826802902794062
gtcctaaaagaacgaaag-5	1.5380357399155355
aggttacgagcaccacgc-5	2.0286435925013953
cagactcactgtcttacg-5	1.5227141644847675
gaggccacggaccgagca-5	1.8491416634324105
ttggatcaccacagtctg-5	1.214933131870734
gtggtgacaagggtggtg-5	1.0056789970576427
aagtattaagctctgtgg-5	1.9670719884256052
cctctaaggttaggccat-5	1.507407281291901
tgagactgctaagatcaa-5	1.8329005961910607
tctagcgaggccaaagaa-5	1.6094693242582383
cgagcaatacttgcgaat-5	1.7445388931115038
taatagtatttcaacagc-5	1.624123158283851
tgtgtaagcacgcttgaa-5	1.3983671464811551
taagctgccagactatta-5	1.4381475103651402
cgagcacatagaccgtaa-5	1.5988962067605241
agatgtcttacggggatc-5	1.404305815542268
gagcttgccgtttcagtg-5	0.9983631598109755
attagtcctctatatttc-5	1.5762075129508328
cgaaagttggatgccgtt-5	1.5010133039354556
aattggtggcagtgaatt-5	1.6583314938859397
tcgcctttggatcttacg-5	1.6111315682317928
taagctgagcttctgtgg-5	1.6399299706081971
aaagaacggtccggtagg-5	1.546748826029753
agtaaacgagcattcttg-5	1.6518327566915267
gcgcggatacttcttgaa-5	1.784334476779858
gagcttcgcataagcacg-5	1.6991453773196046
cttgaagaagggaacgtg-5	1.6748455564516038
gagtgacaaccgacaagg-5	1.4144859224113795
aacagctagaggtctagc-5	1.8216375925334158
ttggatggtaggctcaat-5	1.7532234754649156
gagtgagttaacatactt-5	1.8454080538193436
gctgagggtaggcgagca-5	1.5776307743071647
tttgggatacttggccat-5	1.5256503519709903
atatacctattactgtgg-5	1.5970497991995207
agtctgttaagaaacagc-5	1.419718401047407
caccacgaaatattgctc-5	1.8281401943596998
acggacgtggtgcataga-5	1.3840907180670872
atgaagccacgctaagct-5	1.7967406853143524
taatagttgctctgtgta-5	1.465747402043218
tgagaccctctagatcaa-5	1.424074552237231
ctaggttgttcgctaggt-5	1.5964803389517832
tagagggccagaattagt-5	1.4110960427564274
ctaggtcactgtccgtaa-5	1.4401149610784332
gatcaagcttgtcgttat-5	1.612977930064895
ggattggatcaagagtga-5	1.683862081650196
cactgttgcggtaattgg-5	1.3384790125600834
tctagcgatcaacactgt-5	1.7517328041576812
ggacgacgaaagactgca-5	1.6605594837177653
